Seed,average_quality_of_life
0,340.81944444444446
0,336.7083333333333
0,352.0416666666667
0,356.5486111111111
0,346.65972222222223
0,350.34027777777777
0,346.09722222222223
0,350.46527777777777
0,351.59027777777777
0,354.68055555555554
