Seed,average_quality_of_life
0,340.719696969697
0,340.6287878787879
0,349.99242424242425
0,347.57575757575756
0,339.969696969697
0,340.4469696969697
0,352.1818181818182
0,356.17424242424244
0,344.5833333333333
0,349.24242424242425
